cell_id,ix,iy,x_center,y_center,lon,lat,n_points,n_agents,socio,pop,indice_riesgo_rtm,riesgo_nivel,contrib_exp,contrib_socio,contrib_pop
1500063,15,63,-8769731.8,200861.2,-78.779841,1.804069,45800,2564,1.0,567.0,50.1,alto,0.462,0.385,0.038
1600064,16,64,-8769581.8,201011.2,-78.778493,1.805415,34017,2507,1.0,397.0,41.1,medio,0.343,0.385,0.026
1400061,14,61,-8769881.8,200561.2,-78.781188,1.801375,34960,2515,1.0,93.0,40.4,medio,0.352,0.385,0.006
1100060,11,60,-8770331.8,200411.2,-78.785231,1.800028,34906,2625,1.0,24.0,40.0,medio,0.352,0.385,0.002
1300060,13,60,-8770031.8,200411.2,-78.782536,1.800028,30908,2506,1.0,293.0,38.4,medio,0.311,0.385,0.019
800059,8,59,-8770781.8,200261.2,-78.789273,1.798681,31985,2406,1.0,29.0,38.0,medio,0.322,0.385,0.002
700057,7,57,-8770931.8,199961.2,-78.79062,1.795988,29757,2358,0.9932004065829064,221.16867469879517,37.1,medio,0.3,0.382,0.015
1200060,12,60,-8770181.8,200411.2,-78.783883,1.800028,30226,2506,1.0,53.0,36.9,medio,0.305,0.385,0.004
1000060,10,60,-8770481.8,200411.2,-78.786578,1.800028,29153,2403,0.9932004065829064,221.16867469879517,36.7,medio,0.294,0.382,0.015
700058,7,58,-8770931.8,200111.2,-78.79062,1.797335,29679,2329,0.9932004065829064,0.0,36.1,medio,0.299,0.382,0.0
700054,7,54,-8770931.8,199511.2,-78.79062,1.791947,28102,2119,1.0,97.0,35.6,medio,0.283,0.385,0.006
900060,9,60,-8770631.8,200411.2,-78.787926,1.800028,28938,2403,0.9932004065829064,0.0,35.5,medio,0.292,0.382,0.0
700056,7,56,-8770931.8,199811.2,-78.79062,1.794641,26818,2173,1.0,226.0,35.3,medio,0.27,0.385,0.015
800051,8,51,-8770781.8,199061.2,-78.789273,1.787907,27612,1800,1.0,103.0,35.3,medio,0.278,0.385,0.007
700055,7,55,-8770931.8,199661.2,-78.79062,1.793294,26150,2129,1.0,78.0,34.1,medio,0.264,0.385,0.005
700053,7,53,-8770931.8,199361.2,-78.79062,1.790601,24465,1964,1.0,96.0,33.0,medio,0.247,0.385,0.006
2700071,27,71,-8767931.8,202061.2,-78.763671,1.814843,21912,1534,1.0,317.0,32.3,medio,0.221,0.385,0.021
1800065,18,65,-8769281.8,201161.2,-78.775798,1.806762,18990,1660,1.0,695.0,32.0,medio,0.191,0.385,0.046
2800074,28,74,-8767781.8,202511.2,-78.762324,1.818883,23185,1458,1.0,59.0,32.0,medio,0.234,0.385,0.004
1400062,14,62,-8769881.8,200711.2,-78.781188,1.802722,21029,2500,1.0,259.0,31.4,medio,0.212,0.385,0.017
2300068,23,68,-8768531.8,201611.2,-78.769061,1.810803,20991,1393,1.0,214.0,31.2,medio,0.212,0.385,0.014
2000066,20,66,-8768981.8,201311.2,-78.773103,1.808109,18700,1461,1.0,447.0,30.6,medio,0.188,0.385,0.03
2200067,22,67,-8768681.8,201461.2,-78.770408,1.809456,17596,1507,1.0,437.0,29.8,medio,0.177,0.385,0.029
1700064,17,64,-8769431.8,201011.2,-78.777146,1.805415,17487,2469,1.0,431.0,29.7,medio,0.176,0.385,0.029
2600070,26,70,-8768081.8,201911.2,-78.765019,1.813496,15518,1609,1.0,711.0,29.6,medio,0.156,0.385,0.047
2400069,24,69,-8768381.8,201761.2,-78.767713,1.812149,18096,1252,1.0,274.0,29.4,medio,0.182,0.385,0.018
2500070,25,70,-8768231.8,201911.2,-78.766366,1.813496,14117,1192,1.0,797.0,29.1,medio,0.142,0.385,0.053
2700072,27,72,-8767931.8,202211.2,-78.763671,1.81619,18571,1510,1.0,120.0,29.0,medio,0.187,0.385,0.008
1900065,19,65,-8769131.8,201161.2,-78.774451,1.806762,16742,1644,1.0,315.0,28.7,medio,0.169,0.385,0.021
700059,7,59,-8770931.8,200261.2,-78.79062,1.798681,18018,2324,1.0,54.0,28.4,medio,0.182,0.385,0.004
800050,8,50,-8770781.8,198911.2,-78.789273,1.78656,17064,1216,0.9932004065829064,221.16867469879517,28.3,medio,0.172,0.382,0.015
700052,7,52,-8770931.8,199211.2,-78.79062,1.789254,17372,1951,1.0,135.0,28.3,medio,0.175,0.385,0.009
1800064,18,64,-8769281.8,201011.2,-78.775798,1.805415,13987,1188,1.0,481.0,27.5,medio,0.141,0.385,0.032
3700073,37,73,-8766431.8,202361.2,-78.750196,1.817537,16277,1114,1.0,110.0,27.4,medio,0.164,0.385,0.007
1700065,17,65,-8769431.8,201161.2,-78.777146,1.806762,11404,1274,1.0,769.0,27.0,medio,0.115,0.385,0.051
2100067,21,67,-8768831.8,201461.2,-78.771756,1.809456,11960,1316,1.0,650.0,26.9,medio,0.121,0.385,0.043
1500064,15,64,-8769731.8,201011.2,-78.779841,1.805415,12828,2484,1.0,467.0,26.6,medio,0.129,0.385,0.031
2700066,27,66,-8767931.8,201311.2,-78.763671,1.808109,500,113,1.0,2313.0,26.5,medio,0.005,0.385,0.154
2700073,27,73,-8767931.8,202361.2,-78.763671,1.817537,14486,1517,0.9932004065829064,221.16867469879517,26.5,medio,0.146,0.382,0.015
3400074,34,74,-8766881.8,202511.2,-78.754239,1.818883,14364,1181,0.9932004065829064,221.16867469879517,26.4,medio,0.145,0.382,0.015
3300074,33,74,-8767031.8,202511.2,-78.755586,1.818883,14261,1181,0.9932004065829064,221.16867469879517,26.3,medio,0.144,0.382,0.015
3200074,32,74,-8767181.8,202511.2,-78.756934,1.818883,14238,1181,0.9932004065829064,221.16867469879517,26.3,medio,0.143,0.382,0.015
3000075,30,75,-8767481.8,202661.2,-78.759629,1.82023,13917,1181,0.9932004065829064,221.16867469879517,26.1,medio,0.14,0.382,0.015
3600073,36,73,-8766581.8,202361.2,-78.751544,1.817537,14873,1122,1.0,21.0,26.0,medio,0.15,0.385,0.001
1500062,15,62,-8769731.8,200711.2,-78.779841,1.802722,11658,2500,1.0,328.0,25.2,medio,0.117,0.385,0.022
3100074,31,74,-8767331.8,202511.2,-78.758281,1.818883,12487,1181,0.9932004065829064,221.16867469879517,25.1,medio,0.126,0.382,0.015
3500073,35,73,-8766731.8,202361.2,-78.752891,1.817537,13707,1198,0.9932004065829064,0.0,24.9,medio,0.138,0.382,0.0
300057,3,57,-8771531.8,199961.2,-78.79601,1.795988,2291,115,1.0,1512.0,24.1,medio,0.023,0.385,0.101
3800074,38,74,-8766281.8,202511.2,-78.748849,1.818883,12016,798,1.0,43.0,24.1,medio,0.121,0.385,0.003
1900064,19,64,-8769131.8,201011.2,-78.774451,1.805415,7043,573,1.0,784.0,24.1,medio,0.071,0.385,0.052
2100066,21,66,-8768831.8,201311.2,-78.771756,1.808109,8569,1454,1.0,520.0,23.9,medio,0.086,0.385,0.035
1000051,10,51,-8770481.8,199061.2,-78.786578,1.787907,10049,987,1.0,261.0,23.7,medio,0.101,0.385,0.017
2700070,27,70,-8767931.8,201911.2,-78.763671,1.813496,5805,851,1.0,741.0,23.0,medio,0.058,0.385,0.049
900050,9,50,-8770631.8,198911.2,-78.787926,1.78656,8869,735,0.9932004065829064,221.16867469879517,22.6,medio,0.089,0.382,0.015
1100051,11,51,-8770331.8,199061.2,-78.785231,1.787907,8105,740,1.0,277.0,22.5,medio,0.082,0.385,0.018
2900075,29,75,-8767631.8,202661.2,-78.760976,1.82023,13493,1217,0.904,25.0,22.5,medio,0.136,0.348,0.002
800052,8,52,-8770781.8,199211.2,-78.789273,1.789254,8549,1755,0.9932004065829064,221.16867469879517,22.3,medio,0.086,0.382,0.015
2500067,25,67,-8768231.8,201461.2,-78.766366,1.809456,8899,638,1.0,103.0,22.2,medio,0.09,0.385,0.007
2000065,20,65,-8768981.8,201161.2,-78.773103,1.806762,4618,373,1.0,717.0,22.1,medio,0.047,0.385,0.048
2400066,24,66,-8768381.8,201311.2,-78.767713,1.808109,4084,308,1.0,781.0,22.0,medio,0.041,0.385,0.052
4100076,41,76,-8765831.8,202811.2,-78.744806,1.821577,9065,643,1.0,14.0,21.9,medio,0.091,0.385,0.001
2600069,26,69,-8768081.8,201761.2,-78.765019,1.812149,5953,476,1.0,466.0,21.8,medio,0.06,0.385,0.031
700060,7,60,-8770931.8,200411.2,-78.79062,1.800028,8573,334,1.0,35.0,21.7,medio,0.086,0.385,0.002
3900075,39,75,-8766131.8,202661.2,-78.747501,1.82023,7389,692,0.9932004065829064,221.16867469879517,21.5,medio,0.074,0.382,0.015
2200064,22,64,-8768681.8,201011.2,-78.770408,1.805415,5810,487,1.0,343.0,21.2,medio,0.059,0.385,0.023
2400064,24,64,-8768381.8,201011.2,-78.767713,1.805415,7280,418,1.0,120.0,21.2,medio,0.073,0.385,0.008
2000064,20,64,-8768981.8,201011.2,-78.773103,1.805415,6922,581,1.0,150.0,21.1,medio,0.07,0.385,0.01
1900066,19,66,-8769131.8,201311.2,-78.774451,1.808109,4930,1304,1.0,447.0,21.0,medio,0.05,0.385,0.03
2100064,21,64,-8768831.8,201011.2,-78.771756,1.805415,6563,556,1.0,192.0,21.0,medio,0.066,0.385,0.013
2600068,26,68,-8768081.8,201611.2,-78.765019,1.810803,6854,512,1.0,100.0,20.8,medio,0.069,0.385,0.007
800048,8,48,-8770781.8,198611.2,-78.789273,1.783866,6139,481,0.9932004065829064,221.16867469879517,20.7,medio,0.062,0.382,0.015
1700063,17,63,-8769431.8,200861.2,-78.777146,1.804069,3460,864,1.0,603.0,20.7,medio,0.035,0.385,0.04
2100065,21,65,-8768831.8,201161.2,-78.771756,1.806762,3532,284,1.0,588.0,20.7,medio,0.036,0.385,0.039
2200066,22,66,-8768681.8,201311.2,-78.770408,1.808109,4268,364,1.0,469.0,20.7,medio,0.043,0.385,0.031
2500069,25,69,-8768231.8,201761.2,-78.766366,1.812149,3862,1180,1.0,534.0,20.7,medio,0.039,0.385,0.036
1400060,14,60,-8769881.8,200411.2,-78.781188,1.800028,5716,2503,1.0,214.0,20.5,medio,0.058,0.385,0.014
800049,8,49,-8770781.8,198761.2,-78.789273,1.785213,5807,483,0.9932004065829064,221.16867469879517,20.4,medio,0.059,0.382,0.015
2300064,23,64,-8768531.8,201011.2,-78.769061,1.805415,5615,450,0.972063492063492,315.0,20.2,medio,0.057,0.374,0.021
4200076,42,76,-8765681.8,202811.2,-78.743459,1.821577,5476,448,0.9932004065829064,221.16867469879517,20.2,medio,0.055,0.382,0.015
3900074,39,74,-8766131.8,202511.2,-78.747501,1.818883,5267,756,1.0,220.0,20.2,medio,0.053,0.385,0.015
500062,5,62,-8771231.8,200711.2,-78.793315,1.802722,142,25,1.0,984.0,20.2,medio,0.001,0.385,0.065
3800073,38,73,-8766281.8,202361.2,-78.748849,1.817537,3614,914,1.0,470.0,20.2,medio,0.036,0.385,0.031
2700068,27,68,-8767931.8,201611.2,-78.763671,1.810803,47,17,1.0,987.0,20.1,medio,0.0,0.385,0.066
2300066,23,66,-8768531.8,201311.2,-78.769061,1.808109,2779,249,1.0,548.0,20.0,bajo,0.028,0.385,0.036
1100049,11,49,-8770331.8,198761.2,-78.785231,1.785213,3609,317,1.0,414.0,20.0,bajo,0.036,0.385,0.028
4400076,44,76,-8765381.8,202811.2,-78.740764,1.821577,5034,450,0.9932004065829064,221.16867469879517,19.9,bajo,0.051,0.382,0.015
2200068,22,68,-8768681.8,201611.2,-78.770408,1.810803,4632,1374,1.0,244.0,19.9,bajo,0.047,0.385,0.016
4700074,47,74,-8764931.8,202511.2,-78.736722,1.818883,376,186,1.0,883.0,19.9,bajo,0.004,0.385,0.059
2200065,22,65,-8768681.8,201161.2,-78.770408,1.806762,823,122,1.0,806.0,19.8,bajo,0.008,0.385,0.054
1200047,12,47,-8770181.8,198461.2,-78.783883,1.78252,1150,102,1.0,728.0,19.7,bajo,0.012,0.385,0.048
900051,9,51,-8770631.8,199061.2,-78.787926,1.787907,4615,372,1.0,188.0,19.6,bajo,0.046,0.385,0.013
4300076,43,76,-8765531.8,202811.2,-78.742111,1.821577,5567,448,1.0,8.0,19.5,bajo,0.056,0.385,0.001
4000075,40,75,-8765981.8,202661.2,-78.746154,1.82023,5894,648,0.9932004065829064,0.0,19.5,bajo,0.059,0.382,0.0
800047,8,47,-8770781.8,198461.2,-78.789273,1.78252,4523,380,0.9932004065829064,221.16867469879517,19.5,bajo,0.046,0.382,0.015
1000050,10,50,-8770481.8,198911.2,-78.786578,1.78656,3831,702,1.0,250.0,19.4,bajo,0.039,0.385,0.017
2600066,26,66,-8768081.8,201311.2,-78.765019,1.808109,2935,307,1.0,403.0,19.4,bajo,0.03,0.385,0.027
400057,4,57,-8771381.8,199961.2,-78.794663,1.795988,2568,115,1.0,446.0,19.4,bajo,0.026,0.385,0.03
1100050,11,50,-8770331.8,198911.2,-78.785231,1.78656,3504,279,1.0,292.0,19.3,bajo,0.035,0.385,0.019
1400063,14,63,-8769881.8,200861.2,-78.781188,1.804069,867,114,1.0,695.0,19.3,bajo,0.009,0.385,0.046
2400068,24,68,-8768381.8,201611.2,-78.767713,1.810803,2827,914,1.0,363.0,19.2,bajo,0.028,0.385,0.024
500055,5,55,-8771231.8,199661.2,-78.793315,1.793294,1846,90,1.0,512.0,19.2,bajo,0.019,0.385,0.034
2000063,20,63,-8768981.8,200861.2,-78.773103,1.804069,2903,241,1.0,335.0,19.1,bajo,0.029,0.385,0.022
4000076,40,76,-8765981.8,202811.2,-78.746154,1.821577,3882,654,0.9932004065829064,221.16867469879517,19.1,bajo,0.039,0.382,0.015
800060,8,60,-8770781.8,200411.2,-78.789273,1.800028,5308,1429,0.9932004065829064,0.0,19.1,bajo,0.053,0.382,0.0
600052,6,52,-8771081.8,199211.2,-78.791968,1.789254,2976,210,1.0,330.0,19.1,bajo,0.03,0.385,0.022
600050,6,50,-8771081.8,198911.2,-78.791968,1.78656,2453,228,1.0,385.0,19.0,bajo,0.025,0.385,0.026
1200049,12,49,-8770181.8,198761.2,-78.783883,1.785213,3073,223,1.0,272.0,18.9,bajo,0.031,0.385,0.018
2500066,25,66,-8768231.8,201311.2,-78.766366,1.808109,3647,482,1.0,188.0,18.9,bajo,0.037,0.385,0.013
3700072,37,72,-8766431.8,202211.2,-78.750196,1.81619,837,77,1.0,596.0,18.9,bajo,0.008,0.385,0.04
1200057,12,57,-8770181.8,199961.2,-78.783883,1.795988,3541,258,1.0,197.0,18.9,bajo,0.036,0.385,0.013
600053,6,53,-8771081.8,199361.2,-78.791968,1.790601,1680,183,1.0,448.0,18.8,bajo,0.017,0.385,0.03
2400067,24,67,-8768381.8,201461.2,-78.767713,1.809456,3383,296,1.0,197.0,18.8,bajo,0.034,0.385,0.013
1400064,14,64,-8769881.8,201011.2,-78.781188,1.805415,705,92,1.0,605.0,18.8,bajo,0.007,0.385,0.04
2600071,26,71,-8768081.8,202061.2,-78.765019,1.814843,847,447,1.0,568.0,18.7,bajo,0.009,0.385,0.038
4600075,46,75,-8765081.8,202661.2,-78.738069,1.82023,3380,274,0.9932004065829064,221.16867469879517,18.7,bajo,0.034,0.382,0.015
1100059,11,59,-8770331.8,200261.2,-78.785231,1.798681,3993,335,1.0,83.0,18.7,bajo,0.04,0.385,0.006
600056,6,56,-8771081.8,199811.2,-78.791968,1.794641,1964,142,1.0,383.0,18.7,bajo,0.02,0.385,0.025
2600067,26,67,-8768081.8,201461.2,-78.765019,1.809456,1338,330,1.0,456.0,18.6,bajo,0.013,0.385,0.03
1600063,16,63,-8769581.8,200861.2,-78.778493,1.804069,592,71,1.0,570.0,18.6,bajo,0.006,0.385,0.038
2800067,28,67,-8767781.8,201461.2,-78.762324,1.809456,54,22,1.0,658.0,18.6,bajo,0.001,0.385,0.044
700051,7,51,-8770931.8,199061.2,-78.79062,1.787907,2924,241,1.0,219.0,18.6,bajo,0.029,0.385,0.015
600057,6,57,-8771081.8,199961.2,-78.791968,1.795988,3076,186,1.0,193.0,18.6,bajo,0.031,0.385,0.013
1000046,10,46,-8770481.8,198311.2,-78.786578,1.781173,643,60,1.0,559.0,18.6,bajo,0.006,0.385,0.037
600061,6,61,-8771081.8,200561.2,-78.791968,1.801375,3210,182,1.0,184.0,18.6,bajo,0.032,0.385,0.012
400050,4,50,-8771381.8,198911.2,-78.794663,1.78656,2177,108,1.0,325.0,18.5,bajo,0.022,0.385,0.022
1900063,19,63,-8769131.8,200861.2,-78.774451,1.804069,2997,241,1.0,195.0,18.5,bajo,0.03,0.385,0.013
4400074,44,74,-8765381.8,202511.2,-78.740764,1.818883,1108,160,1.0,468.0,18.5,bajo,0.011,0.385,0.031
1000049,10,49,-8770481.8,198761.2,-78.786578,1.785213,1856,155,1.0,320.0,18.3,bajo,0.019,0.385,0.021
1200058,12,58,-8770181.8,200111.2,-78.783883,1.797335,236,15,1.0,568.0,18.3,bajo,0.002,0.385,0.038
300056,3,56,-8771531.8,199811.2,-78.79601,1.794641,278,106,1.0,559.0,18.3,bajo,0.003,0.385,0.037
500057,5,57,-8771231.8,199961.2,-78.793315,1.795988,2980,145,1.0,154.0,18.3,bajo,0.03,0.385,0.01
900047,9,47,-8770631.8,198461.2,-78.787926,1.78252,2673,236,0.9932004065829064,221.16867469879517,18.2,bajo,0.027,0.382,0.015
400053,4,53,-8771381.8,199361.2,-78.794663,1.790601,2024,115,1.0,275.0,18.2,bajo,0.02,0.385,0.018
1100052,11,52,-8770331.8,199211.2,-78.785231,1.789254,1805,163,1.0,304.0,18.2,bajo,0.018,0.385,0.02
1200051,12,51,-8770181.8,199061.2,-78.783883,1.787907,2998,315,1.0,132.0,18.2,bajo,0.03,0.385,0.009
1400057,14,57,-8769881.8,199961.2,-78.781188,1.795988,2106,139,1.0,240.0,18.1,bajo,0.021,0.385,0.016
4700075,47,75,-8764931.8,202661.2,-78.736722,1.82023,3214,274,1.0,67.0,18.1,bajo,0.032,0.385,0.004
600051,6,51,-8771081.8,199061.2,-78.791968,1.787907,1933,295,1.0,262.0,18.1,bajo,0.019,0.385,0.017
500061,5,61,-8771231.8,200561.2,-78.793315,1.801375,1223,89,1.0,376.0,18.1,bajo,0.012,0.385,0.025
4500075,45,75,-8765231.8,202661.2,-78.739417,1.82023,3376,283,1.0,40.0,18.1,bajo,0.034,0.385,0.003
4800074,48,74,-8764781.8,202511.2,-78.735374,1.818883,2698,206,1.0,154.0,18.1,bajo,0.027,0.385,0.01
500050,5,50,-8771231.8,198911.2,-78.793315,1.78656,2756,204,1.0,137.0,18.1,bajo,0.028,0.385,0.009
1100058,11,58,-8770331.8,200111.2,-78.785231,1.797335,3902,316,0.9932004065829064,0.0,18.1,bajo,0.039,0.382,0.0
1100054,11,54,-8770331.8,199511.2,-78.785231,1.791947,678,63,1.0,449.0,18.1,bajo,0.007,0.385,0.03
1200048,12,48,-8770181.8,198611.2,-78.783883,1.783866,894,84,1.0,402.0,18.0,bajo,0.009,0.385,0.027
2100063,21,63,-8768831.8,200861.2,-78.771756,1.804069,2828,247,1.0,103.0,18.0,bajo,0.028,0.385,0.007
2500064,25,64,-8768231.8,201011.2,-78.766366,1.805415,2919,203,1.0,88.0,18.0,bajo,0.029,0.385,0.006
2800076,28,76,-8767781.8,202811.2,-78.762324,1.821577,1466,106,1.0,316.0,18.0,bajo,0.015,0.385,0.021
2700065,27,65,-8767931.8,201161.2,-78.763671,1.806762,3119,227,1.0,57.0,18.0,bajo,0.031,0.385,0.004
1100053,11,53,-8770331.8,199361.2,-78.785231,1.790601,1869,126,1.0,252.0,18.0,bajo,0.019,0.385,0.017
1300057,13,57,-8770031.8,199961.2,-78.782536,1.795988,589,143,1.0,448.0,18.0,bajo,0.006,0.385,0.03
600060,6,60,-8771081.8,200411.2,-78.791968,1.800028,2768,131,1.0,90.0,17.9,bajo,0.028,0.385,0.006
2800075,28,75,-8767781.8,202661.2,-78.762324,1.82023,3245,242,1.0,24.0,17.9,bajo,0.033,0.385,0.002
1100048,11,48,-8770331.8,198611.2,-78.785231,1.783866,1668,171,1.0,253.0,17.9,bajo,0.017,0.385,0.017
400055,4,55,-8771381.8,199661.2,-78.794663,1.793294,964,51,1.0,352.0,17.8,bajo,0.01,0.385,0.023
2500071,25,71,-8768231.8,202061.2,-78.766366,1.814843,55,21,1.0,484.0,17.8,bajo,0.001,0.385,0.032
1300058,13,58,-8770031.8,200111.2,-78.782536,1.797335,2420,210,1.0,125.0,17.8,bajo,0.024,0.385,0.008
3800072,38,72,-8766281.8,202211.2,-78.748849,1.81619,388,58,1.0,423.0,17.8,bajo,0.004,0.385,0.028
4200077,42,77,-8765681.8,202961.2,-78.743459,1.822924,1840,146,0.9932004065829064,221.16867469879517,17.7,bajo,0.019,0.382,0.015
1100047,11,47,-8770331.8,198461.2,-78.785231,1.78252,2260,184,1.0,121.0,17.7,bajo,0.023,0.385,0.008
1800063,18,63,-8769281.8,200861.2,-78.775798,1.804069,1190,242,1.0,299.0,17.7,bajo,0.012,0.385,0.02
1200050,12,50,-8770181.8,198911.2,-78.783883,1.78656,1959,156,1.0,163.0,17.7,bajo,0.02,0.385,0.011
1000047,10,47,-8770481.8,198461.2,-78.786578,1.78252,2178,183,1.0,141.0,17.7,bajo,0.022,0.385,0.009
2200063,22,63,-8768681.8,200861.2,-78.770408,1.804069,2673,231,1.0,64.0,17.7,bajo,0.027,0.385,0.004
2300063,23,63,-8768531.8,200861.2,-78.769061,1.804069,2600,211,1.0,77.0,17.7,bajo,0.026,0.385,0.005
4400075,44,75,-8765381.8,202661.2,-78.740764,1.82023,2672,313,1.0,74.0,17.7,bajo,0.027,0.385,0.005
2500065,25,65,-8768231.8,201161.2,-78.766366,1.806762,1441,114,1.0,232.0,17.6,bajo,0.015,0.385,0.015
4300077,43,77,-8765531.8,202961.2,-78.742111,1.822924,1810,146,0.9932004065829064,221.16867469879517,17.6,bajo,0.018,0.382,0.015
500056,5,56,-8771231.8,199811.2,-78.793315,1.794641,1441,76,1.0,225.0,17.6,bajo,0.015,0.385,0.015
3100075,31,75,-8767331.8,202661.2,-78.758281,1.82023,1746,644,0.9932004065829064,221.16867469879517,17.6,bajo,0.018,0.382,0.015
600055,6,55,-8771081.8,199661.2,-78.791968,1.793294,1424,103,1.0,237.0,17.6,bajo,0.014,0.385,0.016
2700067,27,67,-8767931.8,201461.2,-78.763671,1.809456,631,59,1.0,362.0,17.6,bajo,0.006,0.385,0.024
2400063,24,63,-8768381.8,200861.2,-78.767713,1.804069,2307,196,1.0,76.0,17.5,bajo,0.023,0.385,0.005
500053,5,53,-8771231.8,199361.2,-78.793315,1.790601,1584,140,1.0,194.0,17.5,bajo,0.016,0.385,0.013
2600065,26,65,-8768081.8,201161.2,-78.765019,1.806762,2256,188,1.0,90.0,17.5,bajo,0.023,0.385,0.006
2800066,28,66,-8767781.8,201311.2,-78.762324,1.808109,272,34,1.0,391.0,17.5,bajo,0.003,0.385,0.026
900044,9,44,-8770631.8,198011.2,-78.787926,1.778479,584,56,1.0,333.0,17.5,bajo,0.006,0.385,0.022
1400058,14,58,-8769881.8,200111.2,-78.781188,1.797335,1671,173,1.0,173.0,17.5,bajo,0.017,0.385,0.012
4100077,41,77,-8765831.8,202961.2,-78.744806,1.822924,1612,181,0.9932004065829064,221.16867469879517,17.5,bajo,0.016,0.382,0.015
1300064,13,64,-8770031.8,201011.2,-78.782536,1.805415,1285,92,1.0,213.0,17.4,bajo,0.013,0.385,0.014
3900073,39,73,-8766131.8,202361.2,-78.747501,1.817537,1086,98,1.0,231.0,17.4,bajo,0.011,0.385,0.015
400054,4,54,-8771381.8,199511.2,-78.794663,1.791947,296,47,1.0,369.0,17.4,bajo,0.003,0.385,0.025
900048,9,48,-8770631.8,198611.2,-78.787926,1.783866,1484,99,0.9932004065829064,221.16867469879517,17.4,bajo,0.015,0.382,0.015
1100057,11,57,-8770331.8,199961.2,-78.785231,1.795988,2966,279,0.9932004065829064,0.0,17.4,bajo,0.03,0.382,0.0
1300048,13,48,-8770031.8,198611.2,-78.782536,1.783866,388,50,1.0,346.0,17.4,bajo,0.004,0.385,0.023
4300074,43,74,-8765531.8,202511.2,-78.742111,1.818883,1579,137,1.0,158.0,17.4,bajo,0.016,0.385,0.011
500052,5,52,-8771231.8,199211.2,-78.793315,1.789254,1265,98,1.0,220.0,17.4,bajo,0.013,0.385,0.015
4600077,46,77,-8765081.8,202961.2,-78.738069,1.822924,1383,103,0.9932004065829064,221.16867469879517,17.3,bajo,0.014,0.382,0.015
600054,6,54,-8771081.8,199511.2,-78.791968,1.791947,1435,198,1.0,160.0,17.3,bajo,0.014,0.385,0.011
3400070,34,70,-8766881.8,201911.2,-78.754239,1.813496,1373,102,0.9932004065829064,221.16867469879517,17.3,bajo,0.014,0.382,0.015
2500068,25,68,-8768231.8,201611.2,-78.766366,1.810803,1106,167,1.0,220.0,17.3,bajo,0.011,0.385,0.015
4400077,44,77,-8765381.8,202961.2,-78.740764,1.822924,1357,118,0.9932004065829064,221.16867469879517,17.3,bajo,0.014,0.382,0.015
4700076,47,76,-8764931.8,202811.2,-78.736722,1.821577,497,53,1.0,309.0,17.3,bajo,0.005,0.385,0.021
4900075,49,75,-8764631.8,202661.2,-78.734027,1.82023,1366,77,0.9932004065829064,221.16867469879517,17.3,bajo,0.014,0.382,0.015
4900074,49,74,-8764631.8,202511.2,-78.734027,1.818883,1245,95,1.0,196.0,17.3,bajo,0.013,0.385,0.013
2300065,23,65,-8768531.8,201161.2,-78.769061,1.806762,961,99,1.0,232.0,17.3,bajo,0.01,0.385,0.015
4500077,45,77,-8765231.8,202961.2,-78.739417,1.822924,1252,103,0.9932004065829064,221.16867469879517,17.2,bajo,0.013,0.382,0.015
3600072,36,72,-8766581.8,202211.2,-78.751544,1.81619,649,73,1.0,257.0,17.2,bajo,0.007,0.385,0.017
800046,8,46,-8770781.8,198311.2,-78.789273,1.781173,1167,151,0.9932004065829064,221.16867469879517,17.2,bajo,0.012,0.382,0.015
4700078,47,78,-8764931.8,203111.2,-78.736722,1.824271,1190,106,0.9932004065829064,221.16867469879517,17.2,bajo,0.012,0.382,0.015
2300067,23,67,-8768531.8,201461.2,-78.769061,1.809456,1449,118,1.0,143.0,17.2,bajo,0.015,0.385,0.01
300054,3,54,-8771531.8,199511.2,-78.79601,1.791947,515,42,1.0,291.0,17.2,bajo,0.005,0.385,0.019
2500063,25,63,-8768231.8,200861.2,-78.766366,1.804069,2253,194,1.0,24.0,17.2,bajo,0.023,0.385,0.002
900046,9,46,-8770631.8,198311.2,-78.787926,1.781173,1655,145,1.0,83.0,17.1,bajo,0.017,0.385,0.006
4600079,46,79,-8765081.8,203261.2,-78.738069,1.825617,1021,73,0.9932004065829064,221.16867469879517,17.1,bajo,0.01,0.382,0.015
300050,3,50,-8771531.8,198911.2,-78.79601,1.78656,516,60,1.0,255.0,17.1,bajo,0.005,0.385,0.017
200056,2,56,-8771681.8,199811.2,-78.797358,1.794641,2562,106,0.9932004065829064,0.0,17.1,bajo,0.026,0.382,0.0
1000048,10,48,-8770481.8,198611.2,-78.786578,1.783866,1264,112,1.0,151.0,17.1,bajo,0.013,0.385,0.01
2700064,27,64,-8767931.8,201011.2,-78.763671,1.805415,2089,183,1.0,13.0,17.1,bajo,0.021,0.385,0.001
1200053,12,53,-8770181.8,199361.2,-78.783883,1.790601,9,9,1.0,329.0,17.1,bajo,0.0,0.385,0.022
2400065,24,65,-8768381.8,201161.2,-78.767713,1.806762,1946,217,1.0,49.0,17.1,bajo,0.02,0.385,0.003
1300049,13,49,-8770031.8,198761.2,-78.782536,1.785213,1013,99,1.0,170.0,17.0,bajo,0.01,0.385,0.011
4000073,40,73,-8765981.8,202361.2,-78.746154,1.817537,24,7,1.0,304.0,17.0,bajo,0.0,0.385,0.02
600058,6,58,-8771081.8,200111.2,-78.791968,1.797335,2293,154,0.9932004065829064,0.0,17.0,bajo,0.023,0.382,0.0
300053,3,53,-8771531.8,199361.2,-78.79601,1.790601,674,56,1.0,218.0,17.0,bajo,0.007,0.385,0.014
700061,7,61,-8770931.8,200561.2,-78.79062,1.801375,1447,110,1.0,104.0,17.0,bajo,0.015,0.385,0.007
5000075,50,75,-8764481.8,202661.2,-78.732679,1.82023,1076,74,1.0,162.0,17.0,bajo,0.011,0.385,0.011
3500072,35,72,-8766731.8,202211.2,-78.752891,1.81619,2039,178,0.9468354430379746,316.0,17.0,bajo,0.021,0.364,0.021
4600080,46,80,-8765081.8,203411.2,-78.738069,1.826964,889,68,0.9932004065829064,221.16867469879517,17.0,bajo,0.009,0.382,0.015
3500066,35,66,-8766731.8,201311.2,-78.752891,1.808109,9,5,1.0,320.0,17.0,bajo,0.0,0.385,0.021
1300051,13,51,-8770031.8,199061.2,-78.782536,1.787907,796,79,0.9932004065829064,221.16867469879517,16.9,bajo,0.008,0.382,0.015
3300068,33,68,-8767031.8,201611.2,-78.755586,1.810803,746,56,0.9932004065829064,221.16867469879517,16.9,bajo,0.008,0.382,0.015
700050,7,50,-8770931.8,198911.2,-78.79062,1.78656,108,5,1.0,288.0,16.9,bajo,0.001,0.385,0.019
4700081,47,81,-8764931.8,203561.2,-78.736722,1.828311,789,62,0.9932004065829064,221.16867469879517,16.9,bajo,0.008,0.382,0.015
1300047,13,47,-8770031.8,198461.2,-78.782536,1.78252,389,36,1.0,220.0,16.8,bajo,0.004,0.385,0.015
4800073,48,73,-8764781.8,202361.2,-78.735374,1.817537,222,33,1.0,246.0,16.8,bajo,0.002,0.385,0.016
500060,5,60,-8771231.8,200411.2,-78.793315,1.800028,1183,73,1.0,96.0,16.8,bajo,0.012,0.385,0.006
900045,9,45,-8770631.8,198161.2,-78.787926,1.779826,786,82,1.0,157.0,16.8,bajo,0.008,0.385,0.01
3400071,34,71,-8766881.8,202061.2,-78.754239,1.814843,1356,106,1.0,66.0,16.8,bajo,0.014,0.385,0.004
500054,5,54,-8771231.8,199511.2,-78.793315,1.791947,657,35,1.0,186.0,16.8,bajo,0.007,0.385,0.012
1200052,12,52,-8770181.8,199211.2,-78.783883,1.789254,677,65,1.0,170.0,16.8,bajo,0.007,0.385,0.011
1200054,12,54,-8770181.8,199511.2,-78.783883,1.791947,213,38,1.0,233.0,16.8,bajo,0.002,0.385,0.015
2700077,27,77,-8767931.8,202961.2,-78.763671,1.822924,585,45,1.0,168.0,16.7,bajo,0.006,0.385,0.011
4900076,49,76,-8764631.8,202811.2,-78.734027,1.821577,491,64,0.9932004065829064,221.16867469879517,16.7,bajo,0.005,0.382,0.015
900059,9,59,-8770631.8,200261.2,-78.787926,1.798681,424,424,0.9932004065829064,221.16867469879517,16.7,bajo,0.004,0.382,0.015
2800065,28,65,-8767781.8,201161.2,-78.762324,1.806762,776,114,1.0,135.0,16.7,bajo,0.008,0.385,0.009
1500058,15,58,-8769731.8,200111.2,-78.779841,1.797335,115,20,1.0,243.0,16.7,bajo,0.001,0.385,0.016
1300050,13,50,-8770031.8,198911.2,-78.782536,1.78656,705,66,1.0,143.0,16.7,bajo,0.007,0.385,0.01
400052,4,52,-8771381.8,199211.2,-78.794663,1.789254,817,85,1.0,128.0,16.7,bajo,0.008,0.385,0.009
3800075,38,75,-8766281.8,202661.2,-78.748849,1.82023,467,38,0.9932004065829064,221.16867469879517,16.7,bajo,0.005,0.382,0.015
3400072,34,72,-8766881.8,202211.2,-78.754239,1.81619,442,114,0.9932004065829064,221.16867469879517,16.7,bajo,0.004,0.382,0.015
300052,3,52,-8771531.8,199211.2,-78.79601,1.789254,640,52,1.0,150.0,16.7,bajo,0.006,0.385,0.01
1400048,14,48,-8769881.8,198611.2,-78.781188,1.783866,12,3,1.0,242.0,16.7,bajo,0.0,0.385,0.016
5000077,50,77,-8764481.8,202961.2,-78.732679,1.822924,314,52,0.9932004065829064,221.16867469879517,16.6,bajo,0.003,0.382,0.015
2700074,27,74,-8767931.8,202511.2,-78.763671,1.818883,930,78,1.0,80.0,16.6,bajo,0.009,0.385,0.005
4900081,49,81,-8764631.8,203561.2,-78.734027,1.828311,352,42,0.9932004065829064,221.16867469879517,16.6,bajo,0.004,0.382,0.015
2800077,28,77,-8767781.8,202961.2,-78.762324,1.822924,326,86,0.9932004065829064,221.16867469879517,16.6,bajo,0.003,0.382,0.015
1200046,12,46,-8770181.8,198311.2,-78.783883,1.781173,296,36,1.0,187.0,16.6,bajo,0.003,0.385,0.012
4600078,46,78,-8765081.8,203111.2,-78.738069,1.824271,389,74,0.9932004065829064,221.16867469879517,16.6,bajo,0.004,0.382,0.015
3400067,34,67,-8766881.8,201461.2,-78.754239,1.809456,546,56,1.0,153.0,16.6,bajo,0.005,0.385,0.01
500051,5,51,-8771231.8,199061.2,-78.793315,1.787907,871,86,1.0,107.0,16.6,bajo,0.009,0.385,0.007
4700072,47,72,-8764931.8,202211.2,-78.736722,1.81619,365,32,0.9932004065829064,221.16867469879517,16.6,bajo,0.004,0.382,0.015
700062,7,62,-8770931.8,200711.2,-78.79062,1.802722,11,6,1.0,232.0,16.6,bajo,0.0,0.385,0.015
3900076,39,76,-8766131.8,202811.2,-78.747501,1.821577,360,37,0.9932004065829064,221.16867469879517,16.6,bajo,0.004,0.382,0.015
4900080,49,80,-8764631.8,203411.2,-78.734027,1.826964,235,22,0.9932004065829064,221.16867469879517,16.5,bajo,0.002,0.382,0.015
4000074,40,74,-8765981.8,202511.2,-78.746154,1.818883,348,41,1.0,156.0,16.5,bajo,0.003,0.385,0.01
300049,3,49,-8771531.8,198761.2,-78.79601,1.785213,209,17,0.9932004065829064,221.16867469879517,16.5,bajo,0.002,0.382,0.015
3000074,30,74,-8767481.8,202511.2,-78.759629,1.818883,247,247,0.9932004065829064,221.16867469879517,16.5,bajo,0.002,0.382,0.015
4700077,47,77,-8764931.8,202961.2,-78.736722,1.822924,214,52,0.9932004065829064,221.16867469879517,16.5,bajo,0.002,0.382,0.015
500049,5,49,-8771231.8,198761.2,-78.793315,1.785213,404,43,1.0,139.0,16.5,bajo,0.004,0.385,0.009
3800076,38,76,-8766281.8,202811.2,-78.748849,1.821577,126,13,0.9932004065829064,221.16867469879517,16.5,bajo,0.001,0.382,0.015
5000074,50,74,-8764481.8,202511.2,-78.732679,1.818883,221,74,0.9932004065829064,221.16867469879517,16.5,bajo,0.002,0.382,0.015
5000078,50,78,-8764481.8,203111.2,-78.732679,1.824271,117,10,0.9932004065829064,221.16867469879517,16.5,bajo,0.001,0.382,0.015
1200064,12,64,-8770181.8,201011.2,-78.783883,1.805415,189,22,1.0,176.0,16.5,bajo,0.002,0.385,0.012
4600081,46,81,-8765081.8,203561.2,-78.738069,1.828311,214,62,0.9932004065829064,221.16867469879517,16.5,bajo,0.002,0.382,0.015
3600067,36,67,-8766581.8,201461.2,-78.751544,1.809456,138,10,0.9932004065829064,221.16867469879517,16.5,bajo,0.001,0.382,0.015
300051,3,51,-8771531.8,199061.2,-78.79601,1.787907,175,20,0.9932004065829064,221.16867469879517,16.5,bajo,0.002,0.382,0.015
4800075,48,75,-8764781.8,202661.2,-78.735374,1.82023,79,66,1.0,193.0,16.5,bajo,0.001,0.385,0.013
400051,4,51,-8771381.8,199061.2,-78.794663,1.787907,816,66,1.0,95.0,16.5,bajo,0.008,0.385,0.006
4500076,45,76,-8765231.8,202811.2,-78.739417,1.821577,96,96,0.9932004065829064,221.16867469879517,16.4,bajo,0.001,0.382,0.015
4800077,48,77,-8764781.8,202961.2,-78.735374,1.822924,105,20,0.9932004065829064,221.16867469879517,16.4,bajo,0.001,0.382,0.015
4000077,40,77,-8765981.8,202961.2,-78.746154,1.822924,109,13,0.9932004065829064,221.16867469879517,16.4,bajo,0.001,0.382,0.015
3300070,33,70,-8767031.8,201911.2,-78.755586,1.813496,32,3,0.9932004065829064,221.16867469879517,16.4,bajo,0.0,0.382,0.015
5000079,50,79,-8764481.8,203261.2,-78.732679,1.825617,108,13,0.9932004065829064,221.16867469879517,16.4,bajo,0.001,0.382,0.015
3400068,34,68,-8766881.8,201611.2,-78.754239,1.810803,67,10,0.9932004065829064,221.16867469879517,16.4,bajo,0.001,0.382,0.015
4400078,44,78,-8765381.8,203111.2,-78.740764,1.824271,41,3,0.9932004065829064,221.16867469879517,16.4,bajo,0.0,0.382,0.015
3700067,37,67,-8766431.8,201461.2,-78.750196,1.809456,43,8,0.9932004065829064,221.16867469879517,16.4,bajo,0.0,0.382,0.015
3400069,34,69,-8766881.8,201761.2,-78.754239,1.812149,39,38,0.9932004065829064,221.16867469879517,16.4,bajo,0.0,0.382,0.015
3700066,37,66,-8766431.8,201311.2,-78.750196,1.808109,3,3,0.9932004065829064,221.16867469879517,16.4,bajo,0.0,0.382,0.015
4700073,47,73,-8764931.8,202361.2,-78.736722,1.817537,255,32,1.0,158.0,16.4,bajo,0.003,0.385,0.011
4300072,43,72,-8765531.8,202211.2,-78.742111,1.81619,8,1,0.9932004065829064,221.16867469879517,16.4,bajo,0.0,0.382,0.015
4100078,41,78,-8765831.8,203111.2,-78.744806,1.824271,7,3,0.9932004065829064,221.16867469879517,16.4,bajo,0.0,0.382,0.015
2800070,28,70,-8767781.8,201911.2,-78.762324,1.813496,25,6,1.0,189.0,16.4,bajo,0.0,0.385,0.013
4600071,46,71,-8765081.8,202061.2,-78.738069,1.814843,5,4,0.9932004065829064,221.16867469879517,16.4,bajo,0.0,0.382,0.015
4300078,43,78,-8765531.8,203111.2,-78.742111,1.824271,90,10,0.9932004065829064,221.16867469879517,16.4,bajo,0.001,0.382,0.015
3500068,35,68,-8766731.8,201611.2,-78.752891,1.810803,112,10,0.9932004065829064,221.16867469879517,16.4,bajo,0.001,0.382,0.015
3500067,35,67,-8766731.8,201461.2,-78.752891,1.809456,22,10,0.9932004065829064,221.16867469879517,16.4,bajo,0.0,0.382,0.015
3500065,35,65,-8766731.8,201161.2,-78.752891,1.806762,36,5,0.9932004065829064,221.16867469879517,16.4,bajo,0.0,0.382,0.015
4200078,42,78,-8765681.8,203111.2,-78.743459,1.824271,37,3,0.9932004065829064,221.16867469879517,16.4,bajo,0.0,0.382,0.015
4900077,49,77,-8764631.8,202961.2,-78.734027,1.822924,108,19,0.9932004065829064,221.16867469879517,16.4,bajo,0.001,0.382,0.015
4400072,44,72,-8765381.8,202211.2,-78.740764,1.81619,2,1,0.9932004065829064,221.16867469879517,16.4,bajo,0.0,0.382,0.015
4900079,49,79,-8764631.8,203261.2,-78.734027,1.825617,9,7,0.9932004065829064,221.16867469879517,16.4,bajo,0.0,0.382,0.015
4200073,42,73,-8765681.8,202361.2,-78.743459,1.817537,36,14,0.9932004065829064,221.16867469879517,16.4,bajo,0.0,0.382,0.015
53,0,53,-8771981.8,199361.2,-78.800053,1.790601,18,3,0.9932004065829064,221.16867469879517,16.4,bajo,0.0,0.382,0.015
1300018,13,18,-8770031.8,194111.2,-78.782536,1.743461,11,1,0.9932004065829064,221.16867469879517,16.4,bajo,0.0,0.382,0.015
1300015,13,15,-8770031.8,193661.2,-78.782536,1.739421,7,1,0.9932004065829064,221.16867469879517,16.4,bajo,0.0,0.382,0.015
1100033,11,33,-8770331.8,196361.2,-78.785231,1.763664,12,1,0.9932004065829064,221.16867469879517,16.4,bajo,0.0,0.382,0.015
1100046,11,46,-8770331.8,198311.2,-78.785231,1.781173,484,44,1.0,114.0,16.4,bajo,0.005,0.385,0.008
1200021,12,21,-8770181.8,194561.2,-78.783883,1.747502,8,1,0.9932004065829064,221.16867469879517,16.4,bajo,0.0,0.382,0.015
1200022,12,22,-8770181.8,194711.2,-78.783883,1.748849,11,1,0.9932004065829064,221.16867469879517,16.4,bajo,0.0,0.382,0.015
1200023,12,23,-8770181.8,194861.2,-78.783883,1.750196,11,1,0.9932004065829064,221.16867469879517,16.4,bajo,0.0,0.382,0.015
1200024,12,24,-8770181.8,195011.2,-78.783883,1.751543,12,1,0.9932004065829064,221.16867469879517,16.4,bajo,0.0,0.382,0.015
1200025,12,25,-8770181.8,195161.2,-78.783883,1.752889,12,1,0.9932004065829064,221.16867469879517,16.4,bajo,0.0,0.382,0.015
1200026,12,26,-8770181.8,195311.2,-78.783883,1.754236,11,1,0.9932004065829064,221.16867469879517,16.4,bajo,0.0,0.382,0.015
1200027,12,27,-8770181.8,195461.2,-78.783883,1.755583,10,1,0.9932004065829064,221.16867469879517,16.4,bajo,0.0,0.382,0.015
1200056,12,56,-8770181.8,199811.2,-78.783883,1.794641,76,17,1.0,186.0,16.4,bajo,0.001,0.385,0.012
1300016,13,16,-8770031.8,193811.2,-78.782536,1.740768,11,1,0.9932004065829064,221.16867469879517,16.4,bajo,0.0,0.382,0.015
1100031,11,31,-8770331.8,196061.2,-78.785231,1.76097,12,1,0.9932004065829064,221.16867469879517,16.4,bajo,0.0,0.382,0.015
1300017,13,17,-8770031.8,193961.2,-78.782536,1.742115,12,1,0.9932004065829064,221.16867469879517,16.4,bajo,0.0,0.382,0.015
1300019,13,19,-8770031.8,194261.2,-78.782536,1.744808,12,1,0.9932004065829064,221.16867469879517,16.4,bajo,0.0,0.382,0.015
1300020,13,20,-8770031.8,194411.2,-78.782536,1.746155,11,1,0.9932004065829064,221.16867469879517,16.4,bajo,0.0,0.382,0.015
1300021,13,21,-8770031.8,194561.2,-78.782536,1.747502,4,1,0.9932004065829064,221.16867469879517,16.4,bajo,0.0,0.382,0.015
1300053,13,53,-8770031.8,199361.2,-78.782536,1.790601,29,7,0.9932004065829064,221.16867469879517,16.4,bajo,0.0,0.382,0.015
1400009,14,9,-8769881.8,192761.2,-78.781188,1.73134,8,1,0.9932004065829064,221.16867469879517,16.4,bajo,0.0,0.382,0.015
1400010,14,10,-8769881.8,192911.2,-78.781188,1.732687,12,1,0.9932004065829064,221.16867469879517,16.4,bajo,0.0,0.382,0.015
1400011,14,11,-8769881.8,193061.2,-78.781188,1.734033,12,1,0.9932004065829064,221.16867469879517,16.4,bajo,0.0,0.382,0.015
1400012,14,12,-8769881.8,193211.2,-78.781188,1.73538,11,1,0.9932004065829064,221.16867469879517,16.4,bajo,0.0,0.382,0.015
1400013,14,13,-8769881.8,193361.2,-78.781188,1.736727,12,1,0.9932004065829064,221.16867469879517,16.4,bajo,0.0,0.382,0.015
1100032,11,32,-8770331.8,196211.2,-78.785231,1.762317,11,1,0.9932004065829064,221.16867469879517,16.4,bajo,0.0,0.382,0.015
1100030,11,30,-8770331.8,195911.2,-78.785231,1.759624,11,1,0.9932004065829064,221.16867469879517,16.4,bajo,0.0,0.382,0.015
1400015,14,15,-8769881.8,193661.2,-78.781188,1.739421,5,1,0.9932004065829064,221.16867469879517,16.4,bajo,0.0,0.382,0.015
900040,9,40,-8770631.8,197411.2,-78.787926,1.773092,9,1,0.9932004065829064,221.16867469879517,16.4,bajo,0.0,0.382,0.015
56,0,56,-8771981.8,199811.2,-78.800053,1.794641,20,4,0.9932004065829064,221.16867469879517,16.4,bajo,0.0,0.382,0.015
100054,1,54,-8771831.8,199511.2,-78.798705,1.791947,10,5,0.9932004065829064,221.16867469879517,16.4,bajo,0.0,0.382,0.015
200052,2,52,-8771681.8,199211.2,-78.797358,1.789254,45,5,0.9932004065829064,221.16867469879517,16.4,bajo,0.0,0.382,0.015
300055,3,55,-8771531.8,199661.2,-78.79601,1.793294,13,5,0.9932004065829064,221.16867469879517,16.4,bajo,0.0,0.382,0.015
400059,4,59,-8771381.8,200261.2,-78.794663,1.798681,42,4,0.9932004065829064,221.16867469879517,16.4,bajo,0.0,0.382,0.015
600045,6,45,-8771081.8,198161.2,-78.791968,1.779826,15,2,0.9932004065829064,221.16867469879517,16.4,bajo,0.0,0.382,0.015
600046,6,46,-8771081.8,198311.2,-78.791968,1.781173,40,2,0.9932004065829064,221.16867469879517,16.4,bajo,0.0,0.382,0.015
600049,6,49,-8771081.8,198761.2,-78.791968,1.785213,23,8,0.9932004065829064,221.16867469879517,16.4,bajo,0.0,0.382,0.015
700046,7,46,-8770931.8,198311.2,-78.79062,1.781173,81,2,0.9932004065829064,221.16867469879517,16.4,bajo,0.001,0.382,0.015
800044,8,44,-8770781.8,198011.2,-78.789273,1.778479,8,5,0.9932004065829064,221.16867469879517,16.4,bajo,0.0,0.382,0.015
900041,9,41,-8770631.8,197561.2,-78.787926,1.774439,12,1,0.9932004065829064,221.16867469879517,16.4,bajo,0.0,0.382,0.015
1100029,11,29,-8770331.8,195761.2,-78.785231,1.758277,12,1,0.9932004065829064,221.16867469879517,16.4,bajo,0.0,0.382,0.015
900042,9,42,-8770631.8,197711.2,-78.787926,1.775786,22,10,0.9932004065829064,221.16867469879517,16.4,bajo,0.0,0.382,0.015
1000034,10,34,-8770481.8,196511.2,-78.786578,1.765011,11,1,0.9932004065829064,221.16867469879517,16.4,bajo,0.0,0.382,0.015
1000035,10,35,-8770481.8,196661.2,-78.786578,1.766358,12,1,0.9932004065829064,221.16867469879517,16.4,bajo,0.0,0.382,0.015
1000036,10,36,-8770481.8,196811.2,-78.786578,1.767705,11,1,0.9932004065829064,221.16867469879517,16.4,bajo,0.0,0.382,0.015
1000037,10,37,-8770481.8,196961.2,-78.786578,1.769051,12,1,0.9932004065829064,221.16867469879517,16.4,bajo,0.0,0.382,0.015
1000038,10,38,-8770481.8,197111.2,-78.786578,1.770398,12,1,0.9932004065829064,221.16867469879517,16.4,bajo,0.0,0.382,0.015
1000039,10,39,-8770481.8,197261.2,-78.786578,1.771745,11,1,0.9932004065829064,221.16867469879517,16.4,bajo,0.0,0.382,0.015
1000040,10,40,-8770481.8,197411.2,-78.786578,1.773092,3,1,0.9932004065829064,221.16867469879517,16.4,bajo,0.0,0.382,0.015
1100027,11,27,-8770331.8,195461.2,-78.785231,1.755583,2,1,0.9932004065829064,221.16867469879517,16.4,bajo,0.0,0.382,0.015
1100028,11,28,-8770331.8,195611.2,-78.785231,1.75693,11,1,0.9932004065829064,221.16867469879517,16.4,bajo,0.0,0.382,0.015
1400014,14,14,-8769881.8,193511.2,-78.781188,1.738074,11,1,0.9932004065829064,221.16867469879517,16.4,bajo,0.0,0.382,0.015
5100076,51,76,-8764331.8,202811.2,-78.731332,1.821577,112,10,0.9932004065829064,221.16867469879517,16.4,bajo,0.001,0.382,0.015
1400056,14,56,-8769881.8,199811.2,-78.781188,1.794641,6,2,1.0,188.0,16.4,bajo,0.0,0.385,0.013
1500009,15,9,-8769731.8,192761.2,-78.779841,1.73134,3,1,0.9932004065829064,221.16867469879517,16.4,bajo,0.0,0.382,0.015
2200076,22,76,-8768681.8,202811.2,-78.770408,1.821577,19,4,0.9932004065829064,221.16867469879517,16.4,bajo,0.0,0.382,0.015
2200075,22,75,-8768681.8,202661.2,-78.770408,1.82023,42,4,0.9932004065829064,221.16867469879517,16.4,bajo,0.0,0.382,0.015
2100075,21,75,-8768831.8,202661.2,-78.771756,1.82023,7,4,0.9932004065829064,221.16867469879517,16.4,bajo,0.0,0.382,0.015
1700001,17,1,-8769431.8,191561.2,-78.777146,1.720565,1,1,0.9932004065829064,221.16867469879517,16.4,bajo,0.0,0.382,0.015
1700000,17,0,-8769431.8,191411.2,-78.777146,1.719218,16,1,0.9932004065829064,221.16867469879517,16.4,bajo,0.0,0.382,0.015
2500076,25,76,-8768231.8,202811.2,-78.766366,1.821577,52,4,0.9932004065829064,221.16867469879517,16.4,bajo,0.001,0.382,0.015
1600003,16,3,-8769581.8,191861.2,-78.778493,1.723259,2,1,0.9932004065829064,221.16867469879517,16.4,bajo,0.0,0.382,0.015
1600002,16,2,-8769581.8,191711.2,-78.778493,1.721912,12,1,0.9932004065829064,221.16867469879517,16.4,bajo,0.0,0.382,0.015
1600001,16,1,-8769581.8,191561.2,-78.778493,1.720565,12,1,0.9932004065829064,221.16867469879517,16.4,bajo,0.0,0.382,0.015
2600064,26,64,-8768081.8,201011.2,-78.765019,1.805415,1625,221,0.9763157894736842,76.0,16.4,bajo,0.016,0.376,0.005
2600072,26,72,-8768081.8,202211.2,-78.765019,1.81619,10,3,0.9932004065829064,221.16867469879517,16.4,bajo,0.0,0.382,0.015
1500056,15,56,-8769731.8,199811.2,-78.779841,1.794641,193,14,1.0,169.0,16.4,bajo,0.002,0.385,0.011
2300076,23,76,-8768531.8,202811.2,-78.769061,1.821577,56,4,0.9932004065829064,221.16867469879517,16.4,bajo,0.001,0.382,0.015
2600076,26,76,-8768081.8,202811.2,-78.765019,1.821577,520,31,1.0,110.0,16.4,bajo,0.005,0.385,0.007
1500005,15,5,-8769731.8,192161.2,-78.779841,1.725952,12,1,0.9932004065829064,221.16867469879517,16.4,bajo,0.0,0.382,0.015
1500007,15,7,-8769731.8,192461.2,-78.779841,1.728646,12,1,0.9932004065829064,221.16867469879517,16.4,bajo,0.0,0.382,0.015
1500003,15,3,-8769731.8,191861.2,-78.779841,1.723259,10,1,0.9932004065829064,221.16867469879517,16.4,bajo,0.0,0.382,0.015
1500004,15,4,-8769731.8,192011.2,-78.779841,1.724605,11,1,0.9932004065829064,221.16867469879517,16.4,bajo,0.0,0.382,0.015
2700063,27,63,-8767931.8,200861.2,-78.763671,1.804069,111,93,0.9932004065829064,221.16867469879517,16.4,bajo,0.001,0.382,0.015
1500006,15,6,-8769731.8,192311.2,-78.779841,1.727299,11,1,0.9932004065829064,221.16867469879517,16.4,bajo,0.0,0.382,0.015
2300069,23,69,-8768531.8,201761.2,-78.769061,1.812149,147,26,1.0,156.0,16.4,bajo,0.001,0.385,0.01
1500008,15,8,-8769731.8,192611.2,-78.779841,1.729993,12,1,0.9932004065829064,221.16867469879517,16.4,bajo,0.0,0.382,0.015
2600077,26,77,-8768081.8,202961.2,-78.765019,1.822924,75,34,0.9932004065829064,221.16867469879517,16.4,bajo,0.001,0.382,0.015
3700071,37,71,-8766431.8,202061.2,-78.750196,1.814843,8,2,1.0,160.0,16.3,bajo,0.0,0.385,0.011
54,0,54,-8771981.8,199511.2,-78.800053,1.791947,122,14,1.0,142.0,16.3,bajo,0.001,0.385,0.009
4800081,48,81,-8764781.8,203561.2,-78.735374,1.828311,879,62,1.0,31.0,16.3,bajo,0.009,0.385,0.002
400061,4,61,-8771381.8,200561.2,-78.794663,1.801375,43,4,1.0,130.0,16.2,bajo,0.0,0.385,0.009
100055,1,55,-8771831.8,199661.2,-78.798705,1.793294,1196,58,0.9932004065829064,0.0,16.2,bajo,0.012,0.382,0.0
1000045,10,45,-8770481.8,198161.2,-78.786578,1.779826,210,32,1.0,116.0,16.2,bajo,0.002,0.385,0.008
900043,9,43,-8770631.8,197861.2,-78.787926,1.777132,337,32,1.0,62.0,16.1,bajo,0.003,0.385,0.004
2700075,27,75,-8767931.8,202661.2,-78.763671,1.82023,244,69,1.0,82.0,16.1,bajo,0.002,0.385,0.005
3300067,33,67,-8767031.8,201461.2,-78.755586,1.809456,703,56,1.0,23.0,16.1,bajo,0.007,0.385,0.002
400049,4,49,-8771381.8,198761.2,-78.794663,1.785213,364,46,1.0,64.0,16.1,bajo,0.004,0.385,0.004
4600072,46,72,-8765081.8,202211.2,-78.738069,1.81619,53,12,1.0,125.0,16.1,bajo,0.001,0.385,0.008
4400073,44,73,-8765381.8,202361.2,-78.740764,1.817537,310,41,1.0,78.0,16.1,bajo,0.003,0.385,0.005
4100074,41,74,-8765831.8,202511.2,-78.744806,1.818883,1,1,1.0,115.0,16.1,bajo,0.0,0.385,0.008
4800076,48,76,-8764781.8,202811.2,-78.735374,1.821577,502,36,1.0,28.0,16.0,bajo,0.005,0.385,0.002
2800064,28,64,-8767781.8,201011.2,-78.762324,1.805415,468,73,1.0,37.0,16.0,bajo,0.005,0.385,0.002
5000076,50,76,-8764481.8,202811.2,-78.732679,1.821577,573,60,1.0,15.0,16.0,bajo,0.006,0.385,0.001
200053,2,53,-8771681.8,199361.2,-78.797358,1.790601,145,20,1.0,90.0,16.0,bajo,0.001,0.385,0.006
2800069,28,69,-8767781.8,201761.2,-78.762324,1.812149,5,2,1.0,91.0,16.0,bajo,0.0,0.385,0.006
4500073,45,73,-8765231.8,202361.2,-78.739417,1.817537,12,4,1.0,107.0,16.0,bajo,0.0,0.385,0.007
3600071,36,71,-8766581.8,202061.2,-78.751544,1.814843,21,2,1.0,67.0,15.9,bajo,0.0,0.385,0.004
1200065,12,65,-8770181.8,201161.2,-78.783883,1.806762,56,23,1.0,70.0,15.9,bajo,0.001,0.385,0.005
3700074,37,74,-8766431.8,202511.2,-78.750196,1.818883,173,19,1.0,61.0,15.9,bajo,0.002,0.385,0.004
1300065,13,65,-8770031.8,201161.2,-78.782536,1.806762,73,26,1.0,60.0,15.9,bajo,0.001,0.385,0.004
3300069,33,69,-8767031.8,201761.2,-78.755586,1.812149,783,66,0.9932004065829064,0.0,15.9,bajo,0.008,0.382,0.0
500058,5,58,-8771231.8,200111.2,-78.793315,1.797335,108,79,1.0,65.0,15.9,bajo,0.001,0.385,0.004
3400066,34,66,-8766881.8,201311.2,-78.754239,1.808109,116,14,1.0,68.0,15.9,bajo,0.001,0.385,0.005
2600075,26,75,-8768081.8,202661.2,-78.765019,1.82023,116,11,1.0,46.0,15.8,bajo,0.001,0.385,0.003
4300073,43,73,-8765531.8,202361.2,-78.742111,1.817537,612,77,0.9932004065829064,0.0,15.8,bajo,0.006,0.382,0.0
600062,6,62,-8771081.8,200711.2,-78.791968,1.802722,168,12,1.0,29.0,15.8,bajo,0.002,0.385,0.002
5000082,50,82,-8764481.8,203711.2,-78.732679,1.829658,210,20,1.0,20.0,15.8,bajo,0.002,0.385,0.001
3500071,35,71,-8766731.8,202061.2,-78.752891,1.814843,27,2,1.0,54.0,15.8,bajo,0.0,0.385,0.004
1600056,16,56,-8769581.8,199811.2,-78.778493,1.794641,7,1,1.0,52.0,15.8,bajo,0.0,0.385,0.003
1500057,15,57,-8769731.8,199961.2,-78.779841,1.795988,11,10,1.0,49.0,15.8,bajo,0.0,0.385,0.003
2400070,24,70,-8768381.8,201911.2,-78.767713,1.813496,106,21,1.0,41.0,15.8,bajo,0.001,0.385,0.003
4800080,48,80,-8764781.8,203411.2,-78.735374,1.826964,17,14,1.0,26.0,15.7,bajo,0.0,0.385,0.002
3300065,33,65,-8767031.8,201161.2,-78.755586,1.806762,9,5,1.0,44.0,15.7,bajo,0.0,0.385,0.003
55,0,55,-8771981.8,199661.2,-78.800053,1.793294,281,29,0.9932004065829064,0.0,15.5,bajo,0.003,0.382,0.0
4500080,45,80,-8765231.8,203411.2,-78.739417,1.826964,190,68,0.9932004065829064,0.0,15.5,bajo,0.002,0.382,0.0
100056,1,56,-8771831.8,199811.2,-78.798705,1.794641,176,63,0.9932004065829064,0.0,15.5,bajo,0.002,0.382,0.0
5100075,51,75,-8764331.8,202661.2,-78.731332,1.82023,90,15,0.9932004065829064,0.0,15.4,bajo,0.001,0.382,0.0
3700075,37,75,-8766431.8,202661.2,-78.750196,1.82023,19,5,0.9932004065829064,0.0,15.4,bajo,0.0,0.382,0.0
4900082,49,82,-8764631.8,203711.2,-78.734027,1.829658,85,11,0.9932004065829064,0.0,15.4,bajo,0.001,0.382,0.0
1300052,13,52,-8770031.8,199211.2,-78.782536,1.789254,124,10,0.9932004065829064,0.0,15.4,bajo,0.001,0.382,0.0
2800072,28,72,-8767781.8,202211.2,-78.762324,1.81619,33,10,0.9932004065829064,0.0,15.4,bajo,0.0,0.382,0.0
400060,4,60,-8771381.8,200411.2,-78.794663,1.800028,138,20,0.9932004065829064,0.0,15.4,bajo,0.001,0.382,0.0
3300066,33,66,-8767031.8,201311.2,-78.755586,1.808109,32,5,0.9932004065829064,0.0,15.4,bajo,0.0,0.382,0.0
2900072,29,72,-8767631.8,202211.2,-78.760976,1.81619,52,10,0.9932004065829064,0.0,15.4,bajo,0.001,0.382,0.0
2400076,24,76,-8768381.8,202811.2,-78.767713,1.821577,48,4,0.9932004065829064,0.0,15.4,bajo,0.0,0.382,0.0
3500074,35,74,-8766731.8,202511.2,-78.752891,1.818883,4683,1195,0.8,27.0,13.6,bajo,0.047,0.308,0.002
2600063,26,63,-8768081.8,200861.2,-78.765019,1.804069,1983,182,0.8583333333333334,24.0,13.3,bajo,0.02,0.33,0.002
2800073,28,73,-8767781.8,202361.2,-78.762324,1.817537,6771,1496,0.7046632124352331,193.0,13.3,bajo,0.068,0.271,0.013
2900074,29,74,-8767631.8,202511.2,-78.760976,1.818883,1952,807,0.7911111111111111,45.0,11.5,bajo,0.02,0.304,0.003
5000081,50,81,-8764481.8,203561.2,-78.732679,1.828311,104,10,0.8,57.0,10.5,bajo,0.001,0.308,0.004
2900073,29,73,-8767631.8,202361.2,-78.760976,1.817537,497,69,0.4,21.0,0.0,bajo,0.005,0.154,0.001
